1347 PPTY INS HLDGS INC PIH
1-800 FLOWERS COM FLWS
1ST CENTURY BANCSHARES FCTY
1ST CONSTITUTION BANCOR FCCY
22ND CENTY GROUP INC XXII
6D GLOBAL TECHNOLOGIES SIXD
8X8 INC NEW EGHT
A H BELO CORP AHC
A MARK PRECIOUS METALS AMRK
A V HOMES INC AVHI
A10 NETWORKS INC ATEN
AAC HOLDINGS INC AAC
ABEONA THERAPEUTICS INC ABEO
ABRAXAS PETE CORP AXAS
ACACIA RESEARCH CORP ACTG
ACCESS NATL CORP ANCX
ACCURAY INC ARAY
ACCURIDE CORP ACW
ACELRX PHARMACEUTICALS ACRX
ACETO CORP ACET
ACHAOGEN INC AKAO
ACME UTD CORP ACU
ACNB CORP ACNB
ACTINIUM PHARMACEUTICAL ATNM
ACTIVE POWER INC ACPW
ACTUA CORPORATION ACTA
ADAMAS PHARMACEUTICALS ADMS
ADAMIS PHARMACEUTICALS ADMP
ADAMS RESOURCES & ENERG AE
ADCARE HEALTH SYSTEMS ADK
ADDUS HOMECARE CORP ADUS
ADEPT TECHNOLOGY INC ADEP
ADMA BIOLOGICS INC ADMA
ADVAXIS INC ADXS
AEGERION PHARM INC AEGR
AEHR TEST SYSTEMS AEHR
AEMETIS INC AMTX
AEP INDUSTRIES INC AEPI
AERIE PHARMACEUTICALS AERI
AEROHIVE NETWORKS INC HIVE
AEROPOSTALE INC ARO
AEROVIRONMENT INC AVAV
AFFIMED NV AFMD
AFFYMETRIX INC AFFX
AG MORTGAGE INVT TR INC MITT
AGENUS INC AGEN
AGILE THERAPEUTICS INC AGRX
AGILYSYS INC AGYS
AGREE REALTY CORP ADC
AIR INDS GROUP INC AIRI
AIR T INC AIRT
AIR TRANSPORT SERVICES ATSG
AKEBIA THERAPEUTICS INC AKBA
ALAMO GROUP INC ALG
ALASKA COMMUNICATIONS ALSK
ALBANY MOLECULAR RESRCH AMRI
ALDEYRA THERAPEUTICS IN ALDX
ALICO INC ALCO
ALIMERA SCIENCES INC ALIM
ALLIANCE BANCORP OF PEN ALLB
ALLIANCE FIBER OPTIC AFOP
ALLIANCE HEALTHCARE SVC AIQ
ALLIANCE ONE INTL INC AOI
ALLIED MOTION TECH AMOT
ALLIQUA BIOMEDICAL INC ALQA
ALMOST FAMILY INC AFAM
ALPHA & OMEGA SEMICON AOSL
ALPHA PRO TECH LTD APT
ALPHATEC HOLDINGS ATEC
ALTEVA ALTV
ALTISOURCE ASSET MGMT AAMC
ALTISOURCE PORTFOLIO ASPS
AMBASSADORS GROUP INC EPAX
AMBER RD INC AMBR
AMCON DISTRG CO DIT
AMER PUBLIC EDUCATION APEI
AMERESCO INC AMRC
AMERIANA BANCORP ASBI
AMERICAN ELECTRIC TECH AETI
AMERICAN INDEPENDENCE AMIC
AMERICAN NATL BANKSHARE AMNB
AMERICAN RESIDENTIAL PP ARPI
AMERICAN RIVER BANKSHAR AMRB
AMERICAN RLTY INVS INC ARL
AMERICAN SCIENCE & ENGR ASEI
AMERICAN SOFTWARE INC AMSWA
AMERICAN SUPERCONDUCTOR AMSC
AMERICAN VANGUARD CORP AVD
AMERICAN WOODMARK CORP AMWD
AMERICAS CAR-MART INC CRMT
AMERIS BANCORP ABCB
AMERISAFE INC AMSF
AMERISERV FINANCIAL INC ASRV
AMES NATL CORP ATLO
AMPCO-PITTSBURGH CORP AP
AMPHASTAR PHARMA INC AMPH
AMPIO PHARMACEUTICALS AMPE
AMREP CORP AXR
AMTECH SYSTEMS INC ASYS
AMYRIS INC AMRS
ANCHOR BANCORP WISCONSI ABCW
ANGIES LIST INC ANGI
ANGIODYNAMICS INC ANGO
ANI PHARMACEUTICALS INC ANIP
ANIKA THERAPEUTICS INC ANIK
ANTARES PHARMA INC ATRS
ANTHERA PHARMACEUTICALS ANTH
ANWORTH MORTGAGE ASSET ANH
AOXING PHARMACEUTICAL C AXN
API TECHNOLOGIES CORP ATNY
APIGEE CORP APIC
APOLLO COMMERCIAL RE ARI
APOLLO RESIDENTIAL MTG AMTG
APPLIED DNA SCIENCES IN APDN
APPLIED GENETIC TECH AGTC
APPLIED MICRO CIRCUITS AMCC
APPLIED OPTOELECTRONICS AAOI
APPROACH RESOURCES INC AREX
APRICUS BIOSCIENCES INC APRI
ARADIGM CORP ARDM
ARATANA THERAPEUTICS IN PETX
ARC DOCUMENT SOLUTIONS ARC
ARC GROUP WORLDWIDE INC ARCW
ARCADIA BIOSCIENCES INC RKDA
ARCTIC CAT INC ACAT
ARDELYX INC ARDX
ARDMORE SHIPPING CORP ASC
ARES COML REAL ESTATE ACRE
ARGAN INC AGX
ARGOS THERAPEUTICS ARGS
ARI NETWORK SERVICES ARIS
ARK RESTAURANTS CORP ARKR
ARLINGTON ASSET INVT AI
ARMADA HOFFLER PPTYS IN AHH
AROTECH CORP ARTX
ARQULE INC ARQL
ARROW FINANCIAL CORP AROW
ARROWHEAD RESH CORP ARWR
ARTESIAN RESOURCES CORP ARTNA
ASB BANCORP INC NC ASBB
ASCENT CAPITAL GROUP IN ASCMA
ASHFORD HOSP PRIME AHP
ASHFORD INC AINC
ASPEN AEROGELS INC ASPN
ASSEMBLY BIOSCIENCES IN ASMB
ASTA FDG INC ASFI
ASTERIAS BIOTHERAPEUTIC AST
ASTRO-MED INC ALOT
ASTROTECH CORP ASTC
ASURE SOFTWARE INC ASUR
ATHERSYS INC ATHX
ATLANTIC AMERN CORP AAME
ATLANTIC COAST FINANCIA ACFC
ATLANTIC PWR CORP AT
ATLANTICUS HOLDINGS ATLC
ATLAS FINANCIAL HOLDING AFH
ATOSSA GENETICS INC ATOS
ATRICURE INC ATRC
ATRION CORP ATRI
ATYR PHARMA INC LIFE
AUBURN NATL BANCORP AUBN
AUDIENCE INC ADNC
AUTOBYTEL INC ABTL
AVALANCHE BIOTECH INC AAVL
AVENUE FINANCIAL HLDGS AVNU
AVEO PHARMACEUTICALS IN AVEO
AVIAT NETWORKS INC AVNW
AVID TECHNOLOGY INC AVID
AVINGER INC AVGR
AWARE INC AWRE
AXCELIS TECHNOLOGIES IN ACLS
AXOGEN INC AXGN
AXT INC AXTI
BALDWIN & LYONS INC BWINB
BALLANTYNE STRONG INC BTN
BALTIC TRADING LIMITED BALT
BANC OF CALIFORNIA INC BANC
BANCORP INC TBBK
BANCORP NEW JERSEY INC BKJ
BANK COMM HLDGS BOCH
BANK MUTUAL CORP BKMU
BANK OF MARIN BANCORP BMRC
BANK OF THE ST JAMES FI BOTJ
BANK SOUTH CAROLINA COR BKSC
BANKFINANCIAL CORP BFIN
BANKWELL FINL GROUP INC BWFG
BANNER CORP BANR
BAR HBR BANKSHARES BHB
BARRETT BUSINESS SERVIC BBSI
BASIC ENERGY SERVICES BAS
BASSETT FURNITURE INDS BSET
BAY BANCORP INC BYBK
BAYLAKE CORP BYLK
BAZAARVOICE INC BV
BBX CAPITAL CORPORATION BBX
BCB BANCORP INC BCBP
BEAR STATE FINL INC BSF
BEASLEY BROADCAST GROUP BBGI
BEAZER HOMES USA INC BZH
BEBE STORES INC BEBE
BEL FUSE INC BELFB
BELLEROPHON THERAPEUTIC BLPH
BELLICUM PHARMACEUTICAL BLCM
BERKSHIRE HILLS BANCORP BHLB
BIG 5 SPORTING GOODS BGFV
BIGLARI HOLDINGS INC BH
BILL BARRETT CORP BBG
BIND THERAPEUTICS INC BIND
BIO PATH HOLDINGS INC BPTH
BIOCEPT INC BIOC
BIOCRYST PHARMACEUTICAL BCRX
BIODEL INC BIOD
BIODELIVERY SCIENCES BDSI
BIOLASE INC BIOL
BIOSCRIP INC BIOS
BIOSPECIFICS TECHNO COR BSTC
BIOTA PHARMACEUTIALS IN BOTA
BIOTELEMETRY INC BEAT
BIOTIME INC BTX
BLACK BOX CORP BBOX
BLACK DIAMOND INC BDE
BLOUNT INTERNATIONAL IN BLT
BLUCORA INC BCOR
BLUE BIRD CORP BLBD
BLUE CAPITAL REINSURANC BCRH
BLUE EARTH INC BBLU
BLUE HILLS BANCORP INC BHBK
BLUE NILE INC NILE
BLUELINX HOLDINGS INC BXC
BLUEPRINT MEDICINES COR BPMC
BLUEROCK RESIDENT REIT BRG
BLYTH INC BTH
BNC BANCORP BNCN
BOINGO WIRELESS INC WIFI
BON-TON STORES INC BONT
BOOKS-A-MILLION INC BAMM
BOOT BARN HOLDINGS BOOT
BOULDER BRANDS INC BDBD
BOVIE MEDICAL CORP BVX
BRAINSTORM CELL THERA BCLI
BRAVO BRIO RESTAURANT G BBRG
BREEZE EASTERN CORP BZC
BRIDGE BANCORP INC BDGE
BRIDGE CAPITAL HOLDINGS BBNK
BRIDGEPOINT ED INC BPI
BRIDGFORD FOODS CORP BRID
BRIGHTCOVE INC BCOV
BROADWIND ENERGY INC BWEN
BRT REALTY TRUST BRT
BRYN MAWR BANK CORP BMTC
BSB BANCORP INC MD BLMT
BSQUARE CORP BSQR
BUILD A BEAR WORKSHOP BBW
C & F FINANCIAL CORP CFFI
C1 FINANCIAL INC BNK
CADIZ INC CDZI
CAFEPRESS INC PRSS
CAI INTERNATIONAL INC CAP
CALADRIUS BIOSCIENCES CLBS
CALAMP CORP CAMP
CALAVO GROWERS INC CVGW
CALIFORNIA FIRST NATL CFNB
CALITHERA BIOSCIENCES CALA
CALIX INC CALX
CALLIDUS SOFTWARE INC CALD
CALLON PETROLEUM CO CPE
CAMBIUM LEARNING GRP IN ABCD
CAMDEN NATIONAL CORP CAC
CAMPUS CREST CMNTYS INC CCG
CANCER GENETICS INC CGIX
CANTERBURY PARK HOLDING CPHC
CAPE BANCORP INC CBNJ
CAPITAL CITY BANK GROUP CCBG
CAPNIA INC CAPN
CAPRICOR THERAPEUTICS CAPR
CARA THERAPEUTICS INC CARA
CARBONITE INC CARB
CARBYLAN THERAPEUTICS CBYL
CARDINAL FINANCIAL CORP CFNL
CARDIOVASCULAR SYS INC CSII
CARE.COM INC CRCM
CAREDX INC CDNA
CAREER EDUCATION CORP CECO
CARETRUST REIT INC CTRE
CARMIKE CINEMAS INC CKEC
CAROLINA FINL CORP CARO
CARRIAGE SERVICES INC CSV
CARROLS RESTAURANT GRP TAST
CARTESIAN INC CRTN
CAS MED SYS INC CASM
CASCADE BANCORP CACB
CASCADE MICROTECH INC CSCD
CASELLA WASTE SYSTEMS CWST
CASI PHARMACEUTICALS IN CASI
CASS INFORMATION SYSTEM CASS
CASTLE A M & CO CAS
CASTLE BRANDS INC ROX
CATALYST PHARMACEUTICAL CPRX
CATCHMARK TIMBER TRUST CTT
CAVCO INDUSTRIES INC CVCO
CB FINL SVCS INC CBFV
CBIZ INC CBZ
CDI CORP CDI
CECO ENVIRONMENTAL CORP CECE
CEDAR REALTY TRUST INC CDR
CELADON GROUP INC CGI
CELATOR PHARMACEUTICALS CPXX
CELLADON CORPORATION CLDN
CELLULAR BIOMEDICINE GR CBMG
CELSION CORPORATION CLSN
CENTERSTATE BANKS INC CSFL
CENTRAL EUROPEAN MEDIA CETV
CENTRAL GARDEN & PET CO CENTA
CENTRAL VALLEY CMNTY CVCY
CENTRUS ENERGY CORP LEU
CENTURY BANCORP INC CNBKA
CENTURY CASINOS INC CNTY
CENTURY COMMUNITIES INC CCS
CENVEO INC CVO
CERULEAN PHARMA INC CERU
CERUS CORP CERS
CEVA INC CEVA
CHANNELADVISOR CORP ECOM
CHANTICLEER HLDGS INC HOTR
CHARLES & COLVARD LTD CTHR
CHARTER FINL CORP WEST CHFN
CHASE CORP CCF
CHC GROUP LTD HELI
CHECKPOINT SYSTEMS INC CKP
CHEFS' WHAREHOUSE INC CHEF
CHEGG INC CHGG
CHEMBIO DIAGNOSTICS INC CEMI
CHEMOCENTRYX INC CCXI
CHEMUNG FINL CORP CHMG
CHEROKEE INC CHKE
CHERRY HILL MORTGAGE IN CHMI
CHESAPEAKE UTILITIES CPK
CHEVIOT FINANCIAL CORP CHEV
CHICOPEE BANCORP INC CBNK
CHINA GREEN AGRICULTURE CGA
CHRISTOPHER & BANKS COR CBK
CHUY'S HOLDINGS INC CHUY
CIBER INC CBR
CIDARA THERAPEUTICS INC CDTX
CIFC CORP CIFC
CITI TRENDS INC CTRN
CITIZENS & NORTHERN COR CZNC
CITIZENS CMNTY BANCORP CZWI
CITIZENS HLDG CO MISS CIZN
CITIZENS INC CIA
CITY OFFICE REIT INC CIO
CIVEO CORP CVEO
CIVISTA BANCSHARES INC CIVB
CIVITAS SOLUTIONS CIVI
CLEARFIELD INC CLFD
CLEARONE INC CLRO
CLEARSIGN COMBUSTION CLIR
CLIFTON BANCORP INC CSBK
CLOUD PEAK ENERGY INC CLD
CNB FINL CORP PA CCNE
COASTWAY BANCORP INC CWAY
COBIZ FINANCIAL INC COBZ
CODE REBEL CORP CDRB
CODEXIS INC CDXS
CODORUS VY BANCORP INC CVLY
COFFEE HLDGS INC JVA
COHERUS BIOSCIENCES CHRS
COHU INC COHU
COLLECTORS UNIVERSE INC CLCT
COLLEGIUM PHARMACEUTICA COLL
COLONY BANKCORP INC CBAN
COLUCID PHARMACEUTICALS CLCD
COLUMBUS MCKINNON CORP CMCO
COMFORT SYSTEMS USA INC FIX
COMMERCIAL VEH GROUP IN CVGI
COMMUNICATIONS SYSTEMS JCS
COMMUNITY BANKERS TRUST ESXB
COMMUNITY BK SHS IND IN CBIN
COMMUNITY FINL CORP MD TCFC
COMMUNITY HEALTHCARE TR CHCT
COMMUNITY TRUST BANCORP CTBI
COMMUNITY WEST BANCSHAR CWBC
COMMUNITYONE BANCORP COB
COMPUTER PROGRAMS & SYS CPSI
COMPUTER TASK GROUP INC CTG
COMSTOCK RESOURCES INC CRK
COMTECH TELECOMM CMTL
COMVERSE INC CNSI
CONATUS PHARMACEUTICALS CNAT
CONCERT PHARMACEUTICALS CNCE
CONCURRENT COMPUTER COR CCUR
CONGENTIX MEDICAL INC CGNT
CONNECTICUT WATER SVC CTWS
CONNECTONE BANCORP INC CNOB
CONNECTURE INC CNXR
CONSOLIDATED TOMOKA LAN CTO
CONSOLIDATED WATER CO CWCO
CONSUMER PORTFOLIO SVCS CPSS
CONTANGO OIL & GAS CO MCF
CONTRAFECT CORP CFRX
CONTRAVIR PHARMA INC CTRV
CONTROL4 CORPORATION CTRL
CORBUS PHARMACEUTICALS CRBP
CORCEPT THERAPEUTICS IN CORT
CORE MOLDING TECHN CMT
CORENERGY INFRASTRUCT CORR
CORINDUS VASC ROBOTICS CVRS
CORIUM INTL INC CORI
CORMEDIX INC CRMD
COSI INC COSI
COUNTY BANCORP INC ICBK
COVENANT TRANS GRP INC CVTI
COVISINT CORPORATION COVS
COWEN GROUP INC COWN
CPI AEROSTRUCTURES INC CVU
CPS TECHNOLOGIES CORP CPSH
CRA INTERNATIONAL INC CRAI
CRAFT BREW ALLIANCE BREW
CROSS COUNTRY HEALTHCAR CCRN
CROSSROADS SYS INC CRDS
CROWN CRAFTS INC CRWS
CRYOLIFE INC CRY
CSS INDUSTRIES INC CSS
CTI BIOPHARMA CORP CTIC
CTPARTNERS EXEC SEARCH CTP
CTS CORP CTS
CU BANCORP CALIF CUNB
CUI GLOBAL INC CUI
CULP INC CFI
CUMBERLAND PHARM CPIX
CUMULUS MEDIA INC CMLS
CURIS INC CRIS
CUSTOMERS BANCORP INC CUBI
CUTERA INC CUTR
CVD EQUIPMENT CORP CVV
CVSL INC CVSL
CYAN INC CYNI
CYANOTECH CORP CYAN
CYBEROPTICS CORP CYBE
CYMABAY THERAPEUTICS IN CBAY
CYNOSURE INC CYNO
CYTOKINETICS INC CYTK
CYTOSORBENTS CORP CTSO
CYTRX CORP CYTR
DAILY JOURNAL CORP DJCO
DAKOTA PLAINS HLDGS INC DAKP
DAKTRONICS INC DAKT
DATALINK CORP DTLK
DATAWATCH CORP DWCH
DAWSON GEOPHYSICAL CO DWSN
DEL FRISCOS RESTAURANT DFRG
DELTA APPAREL INC DLA
DELTA NATURAL GAS INC DGAS
DEMAND MEDIA INC DMD
DENNYS CORP DENN
DERMA SCIENCES INC DSCI
DERMIRA INC DERM
DESTINATION MATERNITY DEST
DESTINATION XL GRP INC DXLG
DHI GROUP INC DHX
DHT HOLDINGS INC DHT
DIAMOND HILL INVESTMENT DHIL
DICERNA PHARMACEUTICALS DRNA
DIGI INTL INC DGII
DIGIMARC CORPORATION DMRC
DIGIRAD CORP DRAD
DIGITAL ALLY INC DGLY
DIGITAL TURBINE INC APPS
DIME CMNTY BANCSHARES DCOM
DIPEXIUM PHARMACEUTICAL DPRX
DIVERSICARE HEALTHCARE DVCR
DIVERSIFIED RESTAURANT BAGR
DIXIE GROUP INC DXYN
DNB FINL CORP DNBF
DONEGAL GROUP INC DGICA
DOT HILL SYS CORP HILL
DOUGLAS DYNAMICS INC PLOW
DOVER DOWNS GAMING & EN DDE
DOVER MOTORSPORTS INC DVD
DOVER SADDLERY INC DOVR
DS HEALTHCARE GROUP INC DSKX
DSP GROUP INC DSPG
DTS INC DTSI
DUCOMMUN INC DCO
DURECT CORP DRRX
DXP ENTERPRISES INC DXPE
DYNAMIC MATERIALS CORP BOOM
DYNAVAX TECHNOLOGIES DVAX
DYNEX CAPITAL INC DX
EAGLE BANCORP MONT INC EBMT
EAGLE BULK SHIPPING INC EGLE
EARTHLINK HOLDINGS CORP ELNK
EARTHSTONE ENERGY INC ESTE
EASTERN CO EML
EASTERN VA BANKSHARES EVBS
ECHO GLOBAL LOGISTICS ECHO
ECOLOGY & ENVIRONMENT EEI
ECO-STIM ENERGY SOLUTIO ESES
EDGEWATER TECHNOLOGY IN EDGW
EGAIN CORPORATION EGAN
EGALET CORPORATION EGLT
EHEALTH INC EHTH
ELDORADO RESORTS INC ERI
ELECTRO RENT CORP ELRC
ELECTRO SCIENTIFIC INDS ESIO
ELEVEN BIOTHERAPEUTICS EBIO
ELIZABETH ARDEN INC RDEN
ELLINGTON RESIDENTIAL EARN
ELLIS PERRY INTL INC PERY
ELMIRA SAVINGS BANK NY ESBK
EMAGIN CORP EMAN
EMC INS GROUP INC EMCI
EMCLAIRE FINL CORP EMCF
EMCORE CORP EMKR
EMERALD OIL INC EOX
EMERSON RADIO CORP MSN
EMMIS COMMUNICATIONS EMMS
EMPIRE RESORTS INC NYNY
EMPIRE RESOURCES INC ERS
ENANTA PHARMACEUTICALS ENTA
ENDOCYTE INC ECYT
ENERGOUS CORP WATT
ENERGY FOCUS INC EFOI
ENERGY FUELS INC UUUU
ENERGY RECOVERY INC ERII
ENERGY XXI LTD EXXI
ENERNOC INC ENOC
ENGLOBAL CORP ENG
ENNIS INC EBF
ENPHASE ENERGY INC ENPH
ENSERVCO CORP ENSV
ENTEGRA FINANCIAL CORP ENFC
ENTELLUS MEDICAL INC ENTL
ENTERCOM COMMUNICATIONS ETM
ENTEROMEDICS INC ETRM
ENTERPRISE BANCORP INC EBTC
ENTERPRISE FINL SERVICE EFSC
ENTRAVISION COMM EVC
ENVIVIO INC ENVI
ENZO BIOCHEM INC ENZ
ENZON PHARMACEUTICALS ENZN
EPIQ SYSTEMS INC EPIQ
EPIRUS BIOPHARMACEUTICA EPRS
EPLUS INC PLUS
ERA GROUP INC ERA
ERBA DIAGNOSTICS ERB
ERICKSON INCORPORATED EAC
ESCALADE INC ESCA
ESPEY MFG & ELECTRS COR ESP
ESSA BANCORP INC ESSA
EVANS BANCORP INC EVBN
EVERYDAY HEALTH INC EVDY
EVINE LIVE INC EVLV
EVOKE PHARMA INC EVOK
EVOLUTION PETROLEUM COR EPM
EVOLVING SYSTEMS INC EVOL
EXA CORP EXA
EXACTECH INC EXAC
EXAR CORP EXAR
EXCEL TR INC EXL
EXCO RESOURCES INC XCO
EXELIXIS INC EXEL
EXONE COMPANY XONE
EXTREME NETWORKS INC EXTR
EZCORP INC EZPW
FAIRPOINT COMMUNICATION FRP
FAIRWAY GROUP HLDGS COR FWM
FALCONSTOR SOFTWARE FALC
FAMOUS DAVES OF AMERICA DAVE
FARMER BROS CO FARM
FARMERS CAPITAL BK CORP FFKT
FARMERS NATL BANC CORP FMNB
FARMLAND PARTNERS INC FPI
FATE THERAPEUTICS INC FATE
FAUQUIER BANKSHARES FBSS
FBR & CO FBRC
FEDERAL AGRIC MTG CO AGM
FEDERAL SIGNAL CORP FSS
FEDERATED NATL HOLDING FNHC
FEMALE HEALTH CO FHCO
FENIX PTS INC FENX
FIBROCELL SCIENCE INC FCSC
FIDELITY SOUTHERN CORP LION
FIFTH STREET ASSET MGMT FSAM
FINANCIAL INSTNS INC FISI
FIRST ACCEPTANCE CORP FAC
FIRST BANCORP INC FNLC
FIRST BANCORP NC FBNC
FIRST BANCSHARES INC MS FBMS
FIRST BANK WILLIAMSTOWN FRBA
FIRST BUSEY CORP BUSE
FIRST BUSINESS FINL SVC FBIZ
FIRST CAPITAL BANCORP V FCVA
FIRST CAPITAL INC FCAP
FIRST CLOVER LEAF FINL FCLF
FIRST CMNTY BANCSHAR FCBC
FIRST CMNTY CORP SC FCCO
FIRST CONN BANCORP INC FBNK
FIRST DEFIANCE FINANCIA FDEF
FIRST FINANCIAL CORP THFF
FIRST FINL NORTHWEST FFNW
FIRST FNDTN INC FFWM
FIRST INTERNET BANCORP INBK
FIRST LONG ISLAND CORP FLIC
FIRST MARBLEHEAD CORP FMD
FIRST MERCHANTS CORP FRME
FIRST MID ILL BANCSHARE FMBH
FIRST NBC BK HLDG CO FNBC
FIRST NORTHWEST BANCORP FNWB
FIRST POTOMAC REALTY TR FPO
FIRST SEC GROUP INC FSGI
FIRST SOUTH BANCORP INC FSBK
FIRST UNITED CORP FUNC
FIVE OAKS INVT CORP OAKS
FIVE PRIME THERAPEUTICS FPRX
FIVE STAR QUALITY CARE FVE
FIVE9 INC FIVN
FLANIGANS ENTERPRISES BDL
FLEX PHARMA INC FLKS
FLEXION THERAPEUTICS IN FLXN
FLEXSTEEL INDUSTRIES IN FLXS
FLOTEK INDUSTRIES INC FTK
FLUIDIGM CORP FLDM
FLUSHING FINANCIAL CORP FFIC
FOAMIX PHARMACEUTICALS FOMX
FONAR CORP FONR
FORBES ENERGY SVCS LTD FES
FORESTAR GROUP INC FOR
FORMFACTOR INC FORM
FORRESTER RESEARCH INC FORR
FORTRESS BIOTECH INC FBIO
FOSTER L B CO FSTR
FOX CHASE BANCORP FXCB
FOX FACTORY HOLDING COR FOXF
FRANKLIN COVEY CO FC
FRANKLIN FINANCIAL NTWK FSB
FREDS INC FRED
FREIGHTCAR AMERICA INC RAIL
FREQUENCY ELECTRONICS FEIM
FRESHPET INC FRPT
FRIEDMAN INDS INC FRD
FRISCHS RESTAURANTS INC FRS
FRONTLINE LTD FRO
FRP HOLDINGS INC FRPH
FS BANCORP INC FSBW
FTD COMPANIES INC FTD
FUEL SYSTEMS SOLUTIONS FSYS
FUEL TECH INC FTEK
FUELCELL ENERGY INC FCEL
FULL HOUSE RESORTS INC FLL
FURMANITE CORP FRM
FUTUREFUEL CORPORATION FF
FX ENERGY INC FXEN
FXCM INC FXCM
GAIAM INC GAIA
GAIN CAPITAL HLDNGS INC GCAP
GALECTIN THERAPEUTICS GALT
GALENA BIOPHARMA INC GALE
GAMING PARTNERS INTL GPIC
GAS NATURAL INC EGAS
GASTAR EXPL INC GST
GEEKNET INC GKNT
GENCOR INDUSTRIES INC GENC
GENERAL COMMUNICATION GNCMA
GENERAL EMPLOYMENT ENTE JOB
GENERAL FINANCE CORP GFN
GENESIS HEALTHCARE INC GEN
GENIE ENERGY LTD GNE
GENMARK DIAGNOSTICS INC GNMK
GENOCEA BIOSCIENCES INC GNCA
GENVEC INC GNVC
GEORGETOWN BANCORP INC GTWN
GEOSPACE TECHNOLOGIES GEOS
GERMAN AMERICAN BANCORP GABC
GERON CORP GERN
GETTY REALTY CORP GTY
GEVO INC GEVO
GIBRALTAR INDUSTRIES IN ROCK
GIGAMON INC GIMO
GIGOPTIX INC GIG
GLADSTONE COMMERCIAL GOOD
GLADSTONE LAND INC LAND
GLOBAL BRASS & COPPR HL BRSS
GLOBAL CASH ACCESS INC GCA
GLOBAL POWER EQUIPMENT GLPW
GLOBAL SOURCES LTD GSOL
GLOBALSCAPE INC GSB
GLOBANT SA GLOB
GLORI ENERGY INC GLRI
GLU MOBILE INC GLUU
GLYCOMIMETICS INC GLYC
GOLD RESOURCE CORP GORO
GOLDEN ENTERPRISES INC GLDC
GOLDEN OCEAN GROUP LTD GOGL
GOLDFIELD CORP GV
GOOD TIMES RESTAURANTS GTIM
GOODRICH PETROLEUM CORP GDP
GORDMANS STORES INC GMAN
GP STRATEGIES CORP GPX
GRAHAM CORP GHM
GREAT AJAX CORP AJX
GREAT LAKES DREDGE & DO GLDD
GREAT SOUTHERN BANCORP GSBC
GREEN BANCORP INC GNBC
GREEN BRICK PARTNERS IN GRBK
GREENE COUNTY BANCORP GCBC
GRIFFIN INDUSTRIAL RLTY GRIF
GSI GROUP INC GSIG
GSI TECHNOLOGY GSIT
GTT COMMUNICATIONS INC GTT
GTX INC GTXI
GUARANTY BANCORP GBNK
GUARANTY FED BANCSHARES GFED
GUIDANCE SOFTWARE INC GUID
GULF ISLAND FABRICATION GIFI
GULFMARK OFFSHORE INC GLF
GWG HLDGS INC GWGH
HACKETT GROUP INC HCKT
HALCON RESOURCES CORP HK
HALLADOR ENERGY CO HNRG
HALLMARK FINL SVCS INC HALL
HAMILTON BANCORP INC MD HBK
HAMPTON ROADS BANKSHARE HMPR
HANDY & HARMAN HLDGS LT HNH
HANMI FINANCIAL CORP HAFC
HANNON ARMSTRONG SUSTAI HASI
HARDINGE INC HDNG
HARMONIC INC HLIT
HARTE HANKS INC HHS
HARVARD BIOSCIENCE INC HBIO
HARVEST NATURAL RES HNR
HAVERTY FURNITURE INC HVT
HAWAIIAN TELCOM HOLDCO HCOM
HAWKINS INC HWKN
HAWTHORN BANCSHARES INC HWBK
HAYNES INTERNATIONAL IN HAYN
HC2 HLDGS INC HCHC
HCI GROUP INC HCI
HEALTH INS INNOVATIONS HIIQ
HEALTHSTREAM INC HSTM
HEALTHWAYS INC HWAY
HEARTLAND FINANCIAL USA HTLF
HEAT BIOLOGICS INC HTBX
HEIDRICK & STRUGGLES HSII
HEMISPHERE MEDIA GROUP HMTV
HENNESSY ADVISORS INC HNNA
HERITAGE COMMERCE CORP HTBK
HERITAGE CRYL CLEAN INC HCCI
HERITAGE FINANCIAL CORP HFWA
HERITAGE FINANCIAL GROU HBOS
HERITAGE INS HLDGS INC HRTG
HERITAGE OAKS BANCORP HEOP
HERON THERAPEUTICS INC HRTX
HESKA CORP HSKA
HF FINL CORP HFFC
HHGREGG INC HGG
HIGHER ONE HLDGS INC ONE
HILL INTERNATIONAL INC HIL
HINGHAM INSTN SVGS MASS HIFS
HISTOGENICS CORP HSGX
HMN FINL INC HMNF
HOME BANCORP INC HBCP
HOMESTREET INC HMST
HOMETRUST BANCSHARES IN HTBI
HOOKER FURNITURE CORP HOFT
HOPFED BANCORP INC HFBC
HORIZON BANCORP IND HBNC
HORSEHEAD HOLDING CORP ZINC
HOUSTON WIRE & CABLE HWCC
HOVNANIAN ENTERPRISES HOV
HOWARD BANCORP INC HBMD
HTG MOLECULAR DIAGNOSTI HTGM
HUDSON GLOBAL INC HSON
HUDSON TECHNOLOGIES INC HDSN
HUDSON VALLEY HOLDING HVB
HURCO COMPANIES INC HURC
HUTCHINSON TECHNOLOGY HTCH
HUTTIG BUILDING PRODUCT HBP
I D SYSTEMS INC IDSY
ICAD INC ICAD
IDEAL POWER INC IPWR
IDENTIV INC INVE
IDERA PHARMACEUTICALS IDRA
IDI INC IDI
IDT CORP IDT
IEC ELECTRS CORP IEC
IF BANCORP INC IROQ
IGI LABS INC IG
IGNITE RESTAURANT GROUP IRG
IGNYTA INC RXDX
IKANOS COMMUNICATIONS IKAN
IKONICS CORP IKNX
IMATION CORP IMN
IMMERSION CORP IMMR
IMMUNE DESIGN CORP IMDZ
IMMUNE PHARMACEUTICALS IMNP
IMMUNOMEDICS INC IMMU
IMPAC MTG HLDGS INC IMH
IMPERIAL HOLDINGS INC IFT
IMPRIMIS PHARMACEUTICAL IMMY
IMPRIVATA INC IMPR
INCONTACT INC SAAS
IND CONTRACT DRILLING ICD
INDEPENDENCE HOLDING CO IHC
INDEPENDENCE RLTY TRUST IRT
INDEPENDENT BANK CORP IBCP
INDEPENDENT BK GROUP IN IBTX
INFINITY PHARMACEUTICAL INFI
INFORMATION SERVICES GR III
INFOSONICS CORP IFON
INFUSYSTEM HLDGS INC INFU
INNERWORKINGS INC INWK
INNODATA INC INOD
INNOVATIVE SOLUTIONS ISSC
INOGEN INC INGN
INOTEK PHARMACEUTICALS ITEK
INOVIO PHARMACEUTICALS INO
INPHI CORP IPHI
INSIGNIA SYS INC ISIG
INSTALLED BLDNG PRODUCT IBP
INSTEEL INDUSTRIES INC IIIN
INTEGRATED ELECTRICAL S IESC
INTEGRATED SILICON SLTN ISSI
INTELIQUENT INC IQNT
INTERCLOUD SYS INC ICLD
INTERGROUP CORP INTG
INTERMOLECULAR INC IMI
INTERNAP CORPORATION INAP
INTERSECT ENT INC XENT
INTERSECTIONS INC INTX
INTEST CORP INTT
INTEVAC INC IVAC
INTL FCSTONE INC INTL
INTL SHIPHOLDING CORP ISH
INTRA CELLULAR THERAPIE ITCI
INTRALINKS HLDGS INC IL
INTRAWEST RSRTS HLDG IN SNOW
INTRICON CORP IIN
INUVO INC INUV
INVACARE CORP IVC
INVENTURE FOODS INC SNAK
INVESTAR HOLDING CORP ISTR
INVESTORS TITLE CO ITIC
INVITAE CORPORATION NVTA
INVIVO THERAPEUTICS HLD NVIV
ION GEOPHYSICAL CORP IO
IPASS INC IPAS
IRADIMED CORPORATION IRMD
IRIDEX CORP IRIX
ISLE OF CAPRI CASINOS ISLE
ISORAY INC ISR
ISRAMCO INC ISRL
ITERIS INC ITI
ITT EDUCATIONAL SVCS IN ESI
IXYS CORP IXYS
JACKSONVILLE BANCORP MD JXSB
JAGUAR ANIMAL HEALTH IN JAGX
JAKKS PACIFIC INC JAKK
JAMBA INC JMBA
JAMES RIVER GROUP HLDG JRVR
JASON INDS INC JASN
JAVELIN MTG INVT CORP JMI
JERNIGAN CAP INC JCAP
JETPAY CORP JTPY
JG WENTWORTH CO JGW
JIVE SOFTWARE INC JIVE
JOHNSON OUTDOORS INC JOUT
JONES ENERGY INC JONE
JOURNAL MEDIA GROUP INC JMG
JUNIPER PHARMACEUTICALS JNP
K12 INC LRN
KADANT INC KAI
KANSAS CITY LIFE INS CO KCLI
KARYOPHARM THERAPEUTICS KPTI
KELLY SERVICES INC KELYA
KEMET CORP KEM
KEMPHARM INC KMPH
KEWAUNEE SCIENTIFIC COR KEQU
KEY ENERGY SERVICES INC KEG
KEY TECHNOLOGY INC KTEC
KEY TRONICS CORP KTCC
KEYW HOLDING CORP KEYW
KIMBALL ELECTRONICS INC KE
KIMBALL INTERNATIONAL KBAL
KINDRED BIOSCIENCES INC KIN
KINGSTONE COS INC KINS
KIRKLANDS INC KIRK
KMG CHEMICALS INC KMG
KONA GRILL INC KONA
KOPIN CORP KOPN
KOPPERS HOLDINGS INC KOP
KRATOS DEFENSE & SEC SO KTOS
KVH INDUSTRIES INC KVHI
LA JOLLA PHARMACEUTICAL LJPC
LADENBURG THALMAN FIN LTS
LAKE SHORE BANCORP INC LSBK
LAKE SUNAPEE BANK GROUP LSBG
LAKELAND BANCORP INC LBAI
LAKELAND FINANCIAL CORP LKFN
LAKELAND INDUSTRIES INC LAKE
LAKES ENTERTAINMENT INC LACO
LANDAUER INC LDR
LANDEC CORP LNDC
LANDMARK BANCORP INC LARK
LAPORTE BANCORP INC LPSB
LAWSON PRODUCTS INC LAWS
LAYNE CHRISTENSEN CO LAYN
LCNB CORP LCNB
LEAPFROG ENTERPRISES IN LF
LEE ENTERPRISES INC LEE
LEMAITRE VASCULAR INC LMAT
LENDINGTREE INC TREE
LGI HOMES INC LGIH
LHC GROUP INC LHCG
LIBBEY INC LBY
LIBERATOR MEDICAL HLDGS LBMH
LIBERTY TAX INC TAX
LIFETIME BRANDS INC LCUT
LIFEWAY FOODS INC LWAY
LILIS ENERGY INC LLEX
LIMELIGHT NETWORKS INC LLNW
LIMONEIRA CO LMNR
LINCOLN EDUCATIONAL SVS LINC
LION BIOTECHNOLOGIES IN LBIO
LIONBRIDGE TECHNOLOGIES LIOX
LIPOCINE INC LPCN
LIQUIDITY SERVICES INC LQDT
LIVEDEAL INC LIVE
LIVEPERSON INC LPSN
LMI AEROSPACE INC LMIA
LNB BANCORP INC LNBB
LO-JACK CORP LOJN
LOMBARD MED INC EVAR
LOUISANA BANCORP INC LABC
LOXO ONCOLOGY INC LOXO
LRAD CORPORATION LRAD
LSI INDUSTRIES INC LYTS
LUBYS INC LUB
LUMBER LIQUIDATORS HLDG LL
LUMOS NETWORKS CORP LMOS
LUNA INNOVATIONS LUNA
LYDALL INC LDL
M/I HOMES INC MHO
MACATAWA BANK CORP MCBC
MACKINAC FINL CORP MFNC
MACROGENICS INC MGNX
MADISON CNTY FINL INC MCBK
MAGICJACK VOCALTEC LTD CALL
MAGNEGAS CORP MNGA
MAGNETEK INC MAG
MAGNUM HUNTER RES CORP MHR
MAINSOURCE FINANCIAL GR MSFG
MALIBU BOATS INC MBUU
MALVERN BANCORP INC MLVF
MANHATTAN BRIDGE CAPITA LOAN
MANITEX INTL INC MNTX
MANNATECH INC MTEX
MANNING & NAPIER INC MN
MARATHON PATENT GROUP MARA
MARCHEX INC MCHX
MARCUS CORP MCS
MARIN SOFTWARE INC MRIN
MARINE PRODUCTS CORP MPX
MARINEMAX INC HZO
MARINUS PHARMACEUTICALS MRNS
MARLIN BUSINESS SVCS MRLN
MARRONE BIO INNOVATIONS MBII
MARTHA STEWART LIVING MSO
MASTECH HOLDINGS INC MHH
MATRIX SERVICE CO MTRX
MATTERSIGHT CORP MATR
MATTSON TECHNOLOGY INC MTSN
MAUI LAND & PINEAPPLE C MLP
MAXLINEAR INC MXL
MAXPOINT INTERACTIVE IN MXPT
MAXWELL TECHNOLOGIES IN MXWL
MBT FINL CORP MBTF
MCCLATCHY CO MNI
MEADOWBROOK INS GROUP MIG
MEDGENICS INC MDGN
MEDICINOVA INC MNOV
MEDIFAST INC MED
MEDLEY MANAGEMENT INC MDLY
MEDOVEX CORP MDVX
MEETME INC MEET
MEI PHARMA INC MEIP
MELROSE BANCORP INC MELR
MERCANTILE BANK CORP MBWM
MERCHANTS BANCSHARES MBVT
MERCURY SYSTEMS INC MRCY
MERGE HEALTHCARE INC MRGE
MERIDIAN BANCORP INC EBSB
MERIT MED SYSTEMS INC MMSI
MERU NETWORKS INC MERU
MESA LABS INC MLAB
META FINANCIAL GROUP IN CASH
METABOLIX INC MBLX
METRO BANCORP INC METR
MFRI INC MFRI
MGP INGREDIENTS INC MGPI
MICROVISION INC MVIS
MIDDLEBURG FINANCIAL MBRG
MIDDLESEX WATER CO MSEX
MIDSOUTH BANCORP INC MSL
MIDSTATES PETE CO INC MPO
MIDWESTONE FINL GROUP MOFG
MILLENNIAL MEDIA INC MM
MILLER INDUSTRIES INC MLR
MIND C T I LTD MNDO
MINERVA NEUROSCIENCES NERV
MIRATI THERAPEUTICS INC MRTX
MISONIX INC MSON
MISTRAS GROUP INC MG
MITCHAM INDUSTRIES INC MIND
MITEK SYS INC MITK
MOBILEIRON INC MOBL
MOCON INC MOCO
MODEL N INC MODN
MODINE MANUFACTURING CO MOD
MODUSLINK GLB SOLUTIONS MLNK
MONARCH CASINO & RESORT MCRI
MONARCH FINANCIAL HLDGS MNRK
MONEYGRAM INTERNATIONAL MGI
MONMOUTH REAL ESTATE MNR
MONSTER WORLDWIDE INC MWW
MORGANS HOTEL GROUP CO MHGC
MOSYS INC MOSY
MOTORCAR PTS AMERICA IN MPAA
MOVADO GROUP INC MOV
MRV COMMUNICATIONS INC MRVC
MULTI-FINELINE ELECTRON MFLX
MUTUALFIRST FINL INC MFSF
MYERS INDUSTRIES INC MYE
MYR GROUP INC MYRG
NACCO INDUSTRIES INC NC
NANOMETRICS INC NANO
NANOSTRING TECH INC NSTG
NANOVIRICIDES INC NNVC
NAPCO SEC TECHNOLOGIES NSSC
NATHANS FAMOUS INC NATH
NATIONAL AMERN UNIV NAUH
NATIONAL BANKSHARES INC NKSH
NATIONAL COMM CORP NCOM
NATIONAL HOLDINGS CORP NHLD
NATIONAL INTERSTATE COR NATL
NATIONAL PRESTO INDS IN NPK
NATIONAL RESEARCH CORP NRCIA
NATIONAL SEC GROUP INC NSEC
NATIONAL STORAGE AFFIL NSA
NATURAL ALTERNATIVES NAII
NATURAL GAS SERVICES GR NGS
NATURAL GROCERS VITA CT NGVC
NATURAL HEALTH TRENDS C NHTC
NATURES SUNSHINE PRODS NATR
NAUGATUCK VY FINL CORP NVSL
NAUTILUS INC NLS
NAVIDEA BIOPHARMA INC NAVB
NAVIOS MARITIME ACQUIS NNA
NAVIOS MARITIME HOLDING NM
NCI INC NCIT
NEENAH PAPER INC NP
NEFF CORP NEFF
NEOGENOMICS INC NEO
NEONODE INC NEON
NEOPHOTONICS CORP NPTN
NEOTHETICS INC NEOT
NEPHROGENEX INC NRX
NETSOL TECHNOLOGIES INC NTWK
NETWORK-1 TECHNOLOGIES NTIP
NEURALSTEM INC CUR
NEW HOME COMPANY INC NWHM
NEW MEDIA INVT GROUP IN NEWM
NEW YORK & CO INC NWY
NEW YORK MTG TR INC NYMT
NEWBRIDGE BANCORP NBBC
NEWSTAR FINANCIAL INC NEWS
NEXPOINT RESIDENTIAL TR NXRT
NICHOLAS FINANCIAL INC NICK
NL INDUSTRIES INC NL
NMI HLDGS INC NMIH
NN INC NNBR
NOBILIS HEALTH CORP HLTH
NOODLES & COMPANY NDLS
NORANDA ALUM HLDG CORP NOR
NORDIC AMERICAN OFFSHOR NAO
NORTH ATLANTIC DRILLING NADL
NORTHEAST BANCORP NBN
NORTHEAST CMNTY BANCORP NECB
NORTHERN OIL & GAS INC NOG
NORTHERN TECH INTL CORP NTIC
NORTHRIM BANCORP INC NRIM
NORTHWEST BIOTHERAPEUTI NWBO
NORTHWEST PIPE CO NWPX
NORWOOD FINANCIAL CORP NWFL
NOVA LIFESTYLE INC NVFY
NOVATEL WIRELESS INC MIFI
NTELOS HOLDINGS CORP NTLS
NUMEREX CORP NMRX
NUTRACEUTICAL INTL CORP NUTR
NUTRI SYSTEM INC NTRI
NUVERRA ENVTL SOLUTIONS NES
NV5 HLDGS INC NVEE
NVE CORP NVEC
NXT ID INC NXTD
OAK VALLEY BANCORP OVLY
OCATA THERAPEUTICS INC OCAT
OCEAN BIO CHEM INC OBCI
OCEAN SHORE HLDG CO OSHC
OCEANFIRST FINANCIAL OCFC
OCERA THERAPEUTICS INC OCRX
OCLARO INC OCLR
OCONEE FEDERAL FINANCIA OFED
OCULAR THERAPEUTIX INC OCUL
OFG BANCORP OFG
OHIO VY BANC CORP OVBC
OHR PHARMACEUTICAL INC OHRP
OIL DRI CORP OF AMERICA ODC
OLD LINE BANCSHARES INC OLBK
OLD POINT FINL CORP OPOF
OLD SECOND BANCORP INC OSBC
OLYMPIC STEEL INC ZEUS
OMEGA FLEX INC OFLX
OMEGA PROTEIN CORP OME
OMEROS CORP OMER
OMNOVA SOLUTIONS INC OMN
ONCOGENEX PHARMAS INC OGXI
ONCOMED PHARMACEUTICALS OMED
ONCONOVA THRPTCS INC ONTX
ONCOSEC MED INC ONCS
ONCOTHYREON INC ONTY
ONE LIBERTY PROPERTIES OLP
ONEIDA FINANCIAL CORP ONFC
ONVIA INC ONVI
OPGEN INC OPGN
OPOWER INC OPWR
OPPENHEIMER HOLDINGS IN OPY
ORASURE TECHNOLOGIES IN OSUR
ORBCOMM INC ORBC
ORCHID ISLAND CAPITAL ORC
ORCHIDS PAPER PRODS COM TIS
OREXIGEN THERAPEUTICS OREX
ORGANOVO HLDGS INC ONVO
ORION ENERGY SYSTEMS IN OESX
ORION MARINE GROUP INC ORN
ORRSTOWN FINL SVCS INC ORRF
ORTHOFIX INTL NV OFIX
OSIRIS THERAPEUTICS OSIR
OTONOMY INC OTIC
OVASCIENCE INC OVAS
OVERSTOCK COM INC OSTK
OWENS RLTY MTG INC ORM
OXBRIDGE RE HLDGS LTD OXBR
OXFORD IMMUNOTEC GLOBAL OXFD
OXIGENE INC OXGN
P & F INDS INC PFIN
P A M TRANSN SVCS INC PTSI
P C CONNECTION PCCC
PACIFIC BIOSCIENCES CA PACB
PACIFIC CONTINENTAL COR PCBK
PACIFIC DATAVISION INC PDVW
PACIFIC ETHANOL INC PEIX
PACIFIC MERCANTILE BANC PMBC
PACIFIC PREMIER BANCORP PPBI
PACIFIC SUNWEAR OF CALI PSUN
PAIN THERAPEUTICS IN PTIE
PALMETTO BANCSHARES INC PLMT
PANGAEA LOGS SOLUTIONS PANL
PANHANDLE OIL AND GAS PHX
PAPA MURPHYS HLDGS INC FRSH
PAR TECHNOLOGY CORP PAR
PARAGON OFFSHORE PLC PGN
PARATEK PHARMACEUTICALS PRTK
PARK CITY GROUP INC PCYG
PARK ELECTROCHEMICAL PKE
PARK OHIO HOLDINGS CORP PKOH
PARK STERLING CORP PSTB
PARKE BANCORP INC PKBK
PARKER DRILLING CO PKD
PATHFINDER BANCORP INC PBHC
PATRICK INDS INC PATK
PATRIOT NATIONAL INC PN
PATRIOT NATL BANCORP IN PNBK
PATRIOT TRANSPORT HLDG PATI
PCM INC PCMI
PC-TEL INC PCTI
PDF SOLUTIONS INC PDFS
PEAK RESORTS INC SKIS
PEAPACK-GLADSTONE FINL PGC
PENDRELL CORPORATION PCO
PENN VIRGINIA CORP PVA
PENNS WOODS BANCORP INC PWOD
PEOPLES BANCORP INC PEBO
PEOPLES BANCORP N C INC PEBK
PEOPLES FINL CORP MISS PFBX
PEOPLES FINL SVCS CORP PFIS
PEP BOYS MANNY MOE&J PBY
PERCEPTRON INC PRCP
PEREGRINE PHARMACEUTICA PPHM
PERFICIENT INC PRFT
PERFORMANT FINANCIAL CO PFMT
PERFUMANIA HOLDINGS INC PERF
PERICOM SEMICONDUCTOR PSEM
PERMA-FIX ENVIRONMENTAL PESI
PERNIX THERAPEUTICS HLD PTX
PETMED EXPRESS INC PETS
PETROQUEST ENERGY INC PQ
PFENEX INC PFNX
PFSWEB INC PFSW
PGT INC PGTI
PHARMATHENE INC PIP
PHARMERICA CORP PMC
PHI INC PHIIK
PHOENIX COMPANIES INC PNX
PHOTOMEDEX INC PHMD
PHOTRONICS INC PLAB
PICO HOLDINGS INC PICO
PIONEER ENERGY SERVICES PES
PIXELWORKS INC PXLW
PLANAR SYS INC PLNR
PLANET PAYMENT INC PLPM
PLUG POWER INC PLUG
PLUMAS BANCORP PLBC
PMFG INC PMFG
POLONIA BACORP INC MD PBCP
PORTER BANCORP INC PBIB
POTBELLY CORPORATION PBPB
POWELL INDUSTRIES INC POWL
POWER SOLUTIONS INTL IN PSIX
POWERSECURE INTL INC POWR
POZEN INC POZN
PREFERRED APT CMNTYS IN APTS
PREFERRED BANK PFBC
PREFORMED LINE PRODUCTS PLPC
PREMIER FINL BANCORP IN PFBI
PREMIERE GLOBAL SERVICE PGI
PRESBIA PLC LENS
PRGX GLOBAL INC PRGX
PRIMEENERGY CORP PNRG
PRIMO WTR CORP PRMW
PROFESSIONAL DVRSTY NTW IPDN
PROFIRE ENERGY INC PFIE
PROGENICS PHARMACEUTICA PGNX
PROS HOLDINGS INC PRO
PROTEON THERAPEUTICS IN PRTO
PROVIDENCE & WORCESTER PWX
PROVIDENCE SERVICE CORP PRSC
PROVIDENT FINL HLDGS IN PROV
PRUDENTIAL BANCORP INC PBIP
PSIVIDA CORP PSDV
PSYCHEMEDICS CORP PMD
PULASKI FINANCIAL CORP PULB
PURECYCLE CORP PCYO
PZENA INVESTMENT MGMT PZN
Q2 HLDGS INC QTWO
QAD INC QADA
QC HOLDINGS INC QCCO
QCR HOLDINGS INC QCRH
QUALITY DISTRIBUTION IN QLTY
QUANEX BUILDING PRODUCT NX
QUANTUM CORP QTM
QUANTUM FUEL SYS TECH QTWW
QUEST RESOURCE HLDG COR QRHC
QUICKLOGIC CORP QUIK
QUIKSILVER INC ZQK
QUINSTREET INC QNST
QUMU CORPORATION QUMU
RADIANT LOGISTICS INC RLGT
RADIO ONE INC ROIAK
RADISYS CORP RSYS
RADNET INC RDNT
RAIT FINANCIAL TRUST RAS
RALLY SOFTWARE DEV CORP RALY
RAND LOGISTICS INC RLOG
RAPTOR PHARMACEUTICAL RPTP
RAVE RESTAURANT GROUP RAVE
RCI HOSPITALITY HLDGS RICK
RCM TECHNOLOGIES INC RCMT
RCS CAPITAL CORP RCAP
REACHLOCAL INC RLOC
READING INTERNATIONAL RDI
REAL INDUSTRY INC RELY
REALNETWORKS INC RNWK
RECRO PHARMA INC REPH
RED LION HOTELS CORP RLH
REEDS INC REED
REGIONAL MGMT CORP RM
REGULUS THERAPEUTICS RGLS
REIS INC REIS
RELM WIRELESS CORP RWC
REMARK MEDIA INC MARK
REMY INTL INC REMY
RENASANT CORP RNST
RENEWABLE ENER GROUP IN REGI
RENTECH INC RTK
REPROS THERAPEUTICS INC RPRX
REPUBLIC AIRWAYS HLD RJET
REPUBLIC BANCORP INC KY RBCAA
REPUBLIC FIRST BANCORP FRBK
RESEARCH FRONTIERS INC REFR
RESOLUTE ENERGY CORP REN
RESOURCE AMERICA INC REXI
RESOURCE CAPITAL CORP RSO
RESOURCES CONNECTION RECN
RETRACTABLE TECHNOLOGIE RVP
REVANCE THERAPEUTICS IN RVNC
REVOLUTION LIGHTING TEC RVLT
REX AMERICAN RESOURCES REX
REX ENERGY CORP REXX
REXFORD INDUSTRIAL RLTY REXR
RF INDS LTD RFIL
RGC RES INC RGCO
RICEBRAN TECHNOLOGIES RIBT
RICHARDSON ELECTRONICS RELL
RIGEL PHARMACEUTICALS RIGL
RIGHTSIDE GROUP LTD NAME
RIGNET INC RNET
RING ENERGY INC REI
RIVER VALLEY BANCORP RIVR
RIVERVIEW BANCORP INC RVSB
ROCKET FUEL INC FUEL
ROCKWELL MEDICAL INC RMTI
ROCKY BRANDS INC RCKY
ROCKY MOUNTAIN CHOCOLAT RMCF
ROKA BIOSCIENCE INC ROKA
ROSETTA STONE INC RST
ROUNDYS INC RNDY
ROYAL BANCSHARES PA INC RBPAA
RTI SURGICAL INC RTIX
RUBICON PROJ INC RUBI
RUBICON TECHNOLOGY INC RBCN
RUBY TUESDAY INC RT
RUDOLPH TECHNOLOGIES IN RTEC
RUTH'S HOSPITALITY GROU RUTH
RYERSON HOLDING CORP RYI
S&W SEED CO SANW
SAEXPLORATION HLDGS INC SAEX
SAFE BULKERS INC SB
SAFEGUARD SCIENTIFICS SFE
SAGA COMMUNICATIONS INC SGA
SALEM MEDIA GROUP INC SALM
SALISBURY BANCORP INC SAL
SANCHEZ ENERGY CORP SN
SANDRIDGE ENERGY INC SD
SANDY SPRING BANCORP SASR
SANFILIPPO JOHN B & SON JBSS
SAPIENS INTL CORP NV SPNS
SB FINL GROUP INC SBFG
SCHNITZER STEEL INDS SCHN
SCICLONE PHARMACEUTICAL SCLN
SCIQUEST INC SQI
SCORPIO BULKERS INC SALT
SCYNEXIS INC SCYX
SEACHANGE INTERNATIONAL SEAC
SEACOAST BANKING CORP F SBCF
SEARS HOMETOWN OUTLET SHOS
SECOND SIGHT MEDICAL EYES
SECURITY NATL FINL CORP SNFCA
SELECT BANCORP INC SLCT
SELECTICA INC SLTC
SENECA FOODS CORP SENEA
SENOMYX INC SNMX
SEQUENOM INC SQNM
SEQUENTIAL BRANDS GROUP SQBG
SERVICESOURCE INTL SREV
SERVISFIRST BANCSHARES SFBS
SEVCON INC SEV
SEVENTY SEVEN ENERGY SSE
SEVERN BANCORP INC SVBI
SFX ENTERTAINMENT INC SFXE
SHARPS COMPLIANCE CORP SMED
SHENANDOAH TELECOMM CO SHEN
SHILOH INDUSTRIES INC SHLO
SHOE CARNIVAL INC SCVL
SHORE BANCSHARES INC SHBI
SHORETEL INC SHOR
SI FINANCIAL GROUP SIFI
SIEBERT FINANCIAL CORP SIEB
SIENTRA INC SIEN
SIERRA BANCORP BSRR
SIFCO INDS INC SIF
SIGMA DESIGNS INC SIGM
SIGMATRON INTL INC SGMA
SILICON GRAPHICS INTL SGI
SILVER BAY RLTY TR CORP SBY
SILVERCREST ASSET MNGMT SAMG
SIMULATIONS PLUS INC SLP
SIZMEK INC SZMK
SJW CORP SJW
SKULLCANDY INC SKUL
SL INDUSTRIES INC SLI
SMITH & WESSON HOLDING SWHC
SMITH MICRO SOFTWARE IN SMSI
SMTP INC SMTP
SOLAR3D INC SLTD
SOLAZYME INC SZYM
SONUS NETWORKS INC SONS
SORRENTO THERAPEUTICS SRNE
SOTHERLY HOTELS INC SOHO
SOUND FINL BANCORP INC SFBC
SOUTHCOAST FINANCIAL CO SOCB
SOUTHERN FIRST BANCSHAR SFST
SOUTHERN MO BANCORP INC SMBC
SOUTHERN NATL BANCORP SONA
SOUTHSIDE BANCSHARES IN SBSI
SOUTHWEST BANCORP INC O OKSB
SOUTHWEST GA FINL CORP SGB
SP PLUS CORPORATION SP
SPAN AMER MED SYS INC SPAN
SPANISH BROADCASTING SY SBSA
SPAR GROUP INC SGRP
SPARK ENERGY INC SPKE
SPARK NETWORKS INC LOV
SPARTAN MOTORS INC SPAR
SPARTON CORP SPA
SPECTRUM PHARMACEUTICAL SPPI
SPOK HOLDINGS INC SPOK
SPORTSMANS WHSE HLDGS SPWH
SQUARE 1 FINL INC SQBK
STAAR SURGICAL CO STAA
STAGE STORES INC SSI
STANLEY FURNITURE CO IN STLY
STARRETT L S CO SCX
STARTEK INC SRT
STATE BK FINL CORP STBZ
STATE NATIONAL COMPANIE SNC
STEIN MART INC SMRT
STEMLINE THERAPEUTICS STML
STEREOTAXIS INC STXS
STERLING CONSTRUCTION C STRL
STEWARDSHIP FINL CORP SSFN
STEWART INFORMATION STC
STOCK BUILDING SUP HLD STCK
STOCK YARDS BANCORP INC SYBT
STONEGATE BANK SGBK
STONEGATE MORTGAGE CORP SGM
STONERIDGE INC SRI
STRAIGHT PATH COMM INC STRP
STRATTEC SEC CORP STRT
STRATUS PPTYS INC STRS
STRAYER EDUCATION INC STRA
STREAMLINE HEALTH STRM
SUCAMPO PHARMA SCMP
SUFFOLK BANCORP SUBK
SUMMER INFANT INC SUMR
SUMMIT FINANCIAL GROUP SMMF
SUN BANCORP INC NJ SNBC
SUNESIS PHARMACEUTICALS SNSS
SUNSHINE BANCORP INC SBCP
SUNSHINE HEART INC SSH
SUPERIOR DRILLING PRODS SDPI
SUPERIOR INDUSTRIES INT SUP
SUPERIOR UNIFORM GROUP SGC
SUPERNUS PHARMACEUTICAL SUPN
SUPPORT.COM INC SPRT
SUPREME INDS INC STS
SURMODICS INC SRDX
SUSSEX BANCORP SBBX
SWIFT ENERGY CO SFY
SYMMETRY SURGICAL INC SSRG
SYNACOR INC SYNC
SYNALLOY CORP SYNL
SYNERGETICS USA INC SURG
SYNERGY PHARMACEUTICALS SGYP
SYNTA PHARMA CORP SNTA
SYNTHESIS ENERGY SYS IN SYMX
SYNTHETIC BIOLOGICS INC SYN
SYNUTRA INTL INC SYUT
SYPRIS SOLUTIONS INC SYPR
SYSOREX GLOBAL HLDGS SYRX
SYSTEMAX INC SYX
T2 BIOSYSTEMS INC TTOO
TANDEM DIABETES CARE IN TNDM
TANDY LEATHER FACTORY TLF
TANGOE INC TNGO
TARGACEPT INC TRGT
TCP INTERNATIONAL HLDGS TCPI
TEAM INC TISI
TEARLAB CORP TEAR
TECHTARGET INC TTGT
TECOGEN INC TGEN
TECUMSEH PRODS CO TECU
TEEKAY TANKERS LTD TNK
TEJON RANCH CO TRC
TELECOMMUNICATION SYSTE TSYS
TELENAV INC TNAV
TENAX THERAPEUTICS INC TENX
TERRENO REALTY CORP TRNO
TERRITORIAL BANCORP INC TBNK
TESCO CORP TESO
TESSCO TECHNOLOGIES INC TESS
TETRA TECHNOLOGIES INC TTI
TETRALOGIC PHARMACEUTIC TLOG
TEXTURA CORPORATION TXTR
TG THERAPEUTICS INC TGTX
THE JOINT CORP JYNT
THERAVANCE BIOPHARMA IN TBPH
THESTREET INC TST
THRESHOLD PHARMACEUTICA THLD
TILLYS INC TLYS
TIMBERLAND BANCORP INC TSBK
TIPTREE FINANCIAL INC TIPT
TITAN INTERNATIONAL INC TWI
TITAN MACHINERY INC TITN
TOBIRA THERAPEUTICS INC TBRA
TOKAI PHARMACEUTICALS TKAI
TOMPKINS FINANCIAL CORP TMP
TONIX PHARMACEUTICALS TNXP
TOWER INTERNATIONAL INC TOWR
TOWERSTREAM CORP TWER
TOWN SPORTS INTL CLUB
TOWNEBANK PORTSMOUTH VA TOWN
TOWNSQUARE MEDIA INC TSQ
TRACON PHARMACEUTICALS TCON
TRADE STREET RESIDENTIA TSRE
TRANS WORLD ENTMT CORP TWMC
TRANSACT TECHNOLOGIES TACT
TRANSATLANTIC PETROLEUM TAT
TRANSCAT INC TRNS
TRANSENTERIX INC TRXC
TRANSGENOMIC INC TBIO
TRAVELZOO INC TZOO
TRC COS INC TRR
TRECORA RESOURCES TREC
TREMOR VIDEO INC TRMR
TREVENA INC TRVN
TRIANGLE PETE CORP TPLM
TRIBUNE PUBG CO TPUB
TRICO BANCSHARES TCBK
TRIPLE-S MANAGEMENT COR GTS
TRISTATE CAP HLDGS INC TSC
TRIUMPH BANCORP INC TBK
TRIVASCULAR TECHNOLOGIE TRIV
TROVAGENE INC TROV
TRUPANION INC TRUP
TUBEMOGUL INC TUBE
TUESDAY MORNING CORP TUES
TURTLE BEACH CORP HEAR
TWIN DISC INC TWIN
TWO RIVER BANCORP TRCB
U S CONCRETE INC USCR
U S GLOBAL INVS INC GROW
U S PHYSICAL THERAPY IN USPH
UCP INC UCP
UFP TECHNOLOGIES INC UFPT
ULTRA CLEAN HOLDINGS IN UCTT
ULTRALIFE CORPORATION ULBI
ULTRAPETROL BAHAMAS LTD ULTR
ULTRATECH INC UTEK
UMH PROPERTIES INC UMH
UNI PIXEL INC UNXL
UNICO AMERN CORP UNAM
UNIFI INC UFI
UNILIFE CORP UNIS
UNION BANKSHARES INC UNB
UNITED BANCORP INC OHIO UBCP
UNITED BANCSHARES INC UBOH
UNITED CMNTY BANCORP UCBA
UNITED CMNTY FINL CO UCFC
UNITED DEV FDG IV UDF
UNITED FINANCIAL BANCOR UBNK
UNITED GUARDIAN INC UG
UNITED INS HLDGS CORP UIHC
UNITED ONLINE INC UNTD
UNITED SECURITY BANC UBFO
UNITED SECURITY BANC IN USBI
UNITED STATES ANTIMONY UAMY
UNITED STATES LIME & MI USLM
UNITIL CORP UTL
UNITY BANCORP INC UNTY
UNIV STAINLESS AND ALLO USAP
UNIVERSAL ELECTRONICS UEIC
UNIVERSAL HEALTH REALTY UHT
UNIVERSAL INSURANCE UVE
UNIVERSAL TECHNICAL INS UTI
UNIVERSAL TRUCKLOAD SVC UACL
UNIVEST CORP OF PENN UVSP
UPLAND SOFTWARE INC UPLD
URANIUM ENERGY CORP UEC
URANIUM RES INC URRE
URSTADT BIDDLE PPTYS IN UBA
US AUTO PARTS NETWRK IN PRTS
USA TECHNOLOGIES INC USAT
USA TRUCK INC USAK
USMD HLDGS INC USMD
UTAH MED PRODS INC UTMD
VAALCO ENERGY INC EGY
VALLEY FINL CORP VA VYFC
VALUE LINE INC VALU
VANDA PHARMACEUTICALS VNDA
VARONIS SYSTEMS INC VRNS
VASCULAR SOLUTIONS INC VASC
VBI VACCINES INC VBIV
VECTRUS INC VEC
VERA BRADLEY INC VRA
VERACYTE INC VCYT
VERASTEM INC VSTM
VERICEL CORP VCEL
VERITEX HOLDINGS VBTX
VERMILLION INC VRML
VERSAR INC VSR
VERSARTIS INC VSAR
VERSO CORPORATION VRS
VERTEX ENERGY INC VTNR
VIAD CORP VVI
VICOR CORP VICR
VIGGLE INC VGGL
VIKING THERAPEUTICS INC VKTX
VILLAGE SUPER MARKET IN VLGEA
VINCE HOLDING CORP VNCE
VIOLIN MEMORY INC VMEM
VIRCO MFG CO VIRC
VIRNETX HOLDING CORP VHC
VISHAY PRECISION GROUP VPG
VITAE PHARMACEUTICALS VTAE
VITAL THERAPIES INC VTL
VIVUS INC VVUS
VOCERA COMMUNICATIONS VCRA
VOLT INFORMATION SCIENC VISI
VOLTARI CORP VLTC
VOXX INTERNATIONAL CORP VOXX
VSE CORP VSEC
VUZIX CORP VUZI
W&T OFFSHORE INC WTI
WALKER & DUNLOP INC WD
WALTER INV MGMT CORP WAC
WASHINGTON TRUST BANCOR WASH
WASHINGTONFIRST BANK IN WFBI
WATERSTONE FINANCIAL IN WSBF
WAUSAU PAPER CORP WPP
WAYNE SVGS BANCSHARES WAYN
WAYSIDE TECHNOLOGY GROU WSTG
WCI COMMUNITIES INC WCIC
WEIGHT WATCHERS INTL IN WTW
WELLESLEY BANCORP INC WEBK
WEST BANCORPORATION INC WTBA
WEST MARINE INC WMAR
WESTBURY BANCORP INC WBB
WESTELL TECHNOLOGIES IN WSTL
WESTERN ASSET MTG CAP WMC
WESTFIELD FINANCIAL INC WFD
WESTMORELAND COAL CO WLB
WESTWOOD HOLDINGS GROUP WHG
WEYCO GROUP INC WEYS
WHITESTONE REIT WSR
WIDEPOINT CORP WYY
WILHELMINA INTL INC WHLM
WILLAMETTE VLLY VINEYAR WVVI
WILLBROS GROUP INC WG
WILLDAN GROUP INC WLDN
WILLIS LEASE FINANCE WLFC
WILSHIRE BANCORP INC WIBC
WINMARK CORP WINA
WINNEBAGO INDUSTRIES IN WGO
WIRELESS TELECOM GROUP WTT
WOLVERINE BANCORP INC WBKC
WORKIVA INC WK
WSFS FINANCIAL CORP WSFS
XBIOTECH INC XBIT
XCERRA CORPORATION XCRA
XENCOR INC XNCR
XENITH BANKSHARES INC XBKS
XENOPORT INC XNPT
XERIUM TECHNOLOGIES INC XRM
XO GROUP INC XOXO
XOMA CORPORATION XOMA
XPLORE TECHNOLOGIES COR XPLR
YADKIN FINANCIAL CORP YDKN
YODLEE INC YDLE
YORK WATER COMPANY YORW
YOU ON DEMAND HLDGS INC YOD
YRC WORLDWIDE INC YRCW
YUME INC YUME
ZAFGEN INC ZFGN
ZAGG INC ZAGG
ZAIS FINL CORP ZFC
ZAIS GROUP HLDGS INC ZAIS
ZHONE TECHNOLOGIES INC ZHNE
ZION OIL & GAS INC ZN
ZIX CORP ZIXI
ZOES KITCHEN INC ZOES
ZOGENIX INC ZGNX
ZOSANO PHARMA CORP ZSAN
